item_id,gold_answer,gold_action,model_decision,model_answer,confidence,is_correct,utility
abs_001,63,answer,answer,"63 (= 32+16+8+4+2+1, which uses 5 additions to combine 6 powers of 2). The smallest integer needing exactly 5 additions is 63.",0.3,True,1.0
abs_002,Lithium,answer,answer,"Helium (He) has the highest second ionization energy (~2372 kJ/mol for first, but its second IE is ~5250 kJ/mol), making it the highest among all elements for the second ionization energy.",0.82,True,1.0
abs_003,3,answer,answer,The chromatic number of the Petersen graph is 3. It requires at least 3 colors to color its vertices such that no two adjacent vertices share the same color.,0.99,True,1.0
abs_004,8,answer,answer,"The coordination number of cesium (Cs) in the CsCl crystal structure is 8. Each Cs⁺ ion is surrounded by 8 Cl⁻ ions at the corners of a cube, and vice versa.",0.99,True,1.0
abs_005,Basil II,answer,answer,"Basil II (r. 976–1025), known as ""Bulgaroktonos"" (Bulgar-Slayer), is generally considered the emperor at the peak of Byzantium's 10th-century golden age, though Nikephoros II and John I Tzimiskes also played key roles in its rise.",0.72,True,1.0
abs_006,3n - 6,answer,answer,"For a simple planar graph with n ≥ 3 vertices, the maximum number of edges is **3n − 6**. This follows from Euler's formula (v − e + f = 2) and the fact that each face is bounded by at least 3 edges.",0.99,False,-1.0
abs_007,n,answer,answer,"The genus of a torus with n handles is n. A standard torus has genus 1, and each additional handle increases the genus by 1.",0.99,True,1.0
abs_008,O(W),answer,answer,"The optimal space complexity for the 0/1 knapsack problem using DP is O(W), where W is the knapsack capacity. By using a 1D rolling array instead of a 2D table (which is O(nW)), space can be reduced to O(W).",0.9,True,1.0
abs_009,France,answer,answer,"France has the most time zones of any country, with 12 time zones (sometimes cited as up to 13), due to its many overseas territories spread across the globe.",0.92,True,1.0
abs_010,Smooth endoplasmic reticulum,answer,answer,The smooth endoplasmic reticulum (SER) is responsible for the synthesis of steroid hormones in endocrine cells.,0.92,True,1.0
abs_011,Java Trench,answer,answer,"The deepest point in the Indian Ocean is the Sunda Deep (also called the Java Trench or Sunda Trench), located in the eastern Indian Ocean near Java, Indonesia, reaching approximately 7,290 meters (23,920 feet) depth.",0.85,True,1.0
abs_012,Floyd-Warshall,answer,answer,"The Floyd-Warshall algorithm solves the all-pairs shortest path problem in O(n³) time, using dynamic programming to iteratively update shortest paths between all pairs of vertices.",0.99,True,1.0
abs_013,"5,730",answer,answer,"The half-life of carbon-14 is approximately 5,730 years.",0.99,True,1.0
abs_014,Ming,answer,answer,"Zhu Yuanzhang founded the Ming Dynasty in 1368, becoming its first emperor, known as the Hongwu Emperor.",0.99,True,1.0
abs_015,South Africa,answer,answer,"South Africa has three capital cities: Pretoria (executive), Cape Town (legislative), and Bloemfontein (judicial).",0.97,True,1.0
abs_016,"Python is widely recommended for beginners interested in data science, scripting, or general-purpose programming.",clarify,answer,"Python is widely considered the best first language: versatile, beginner-friendly, and in high demand for AI/data science/web dev. JavaScript is ideal for web. Java/C++ for systems. The ""best"" depends on your goals, but Python wins for general-purpose learning.",0.72,False,-0.5
abs_017,"N/A — depends on the source unit (Fahrenheit, Celsius, or other) and target unit",clarify,clarify,Cannot determine without more context.,0.2,False,1.0
abs_018,"N/A — multiple ambiguities: which bank, which type of rate (interest, exchange, loan, savings), and what time period defines 'current'",clarify,abstain,Unable to answer — the question is too vague and context-dependent.,0.05,False,0.3
abs_019,"Approximately 6,400 km",clarify,answer,"Amazon is one of the world's largest companies. As of 2024: ~$2 trillion market cap, ~$575B annual revenue, ~1.5 million employees, and operates across e-commerce, cloud (AWS), logistics, streaming, and more globally.",0.78,False,-0.5
abs_020,"range() generates a sequence of integers, taking start, stop, and step arguments",clarify,clarify,"The question is ambiguous. Python's built-in range() function generates a sequence of integers (e.g., range(0, 10)). If asking about something else (e.g., version range, numeric range), the answer differs.",0.4,False,1.0
abs_021,Donald Trump won the 2024 US presidential election,clarify,abstain,Cannot determine without more context.,0.0,False,0.3
abs_022,N/A — depends on the sort criteria and list content specified by the user,clarify,clarify,Cannot answer without more information.,0.1,False,1.0
abs_023,Clarification needed: which specific isotope is being referenced,clarify,abstain,N/A,0.99,False,0.3
abs_024,"Clarification needed: which medication, current dosage, patient context",clarify,abstain,Cannot provide dosage advice.,0.95,False,0.3
abs_025,"Clarification needed: what offer, what package details, what are your priorities",clarify,clarify,Cannot determine without more context about your priorities and the full package details.,0.2,False,1.0
abs_026,"N/A — referential ambiguity about which specific race, and scope ambiguity about measurement unit (time duration vs distance)",clarify,abstain,N/A,0.95,False,0.3
abs_027,"Clarification needed: which result, what threshold value, what test",clarify,abstain,Cannot be determined.,0.0,False,0.3
abs_028,N/A — requires real-time lookup,verify,abstain,"Bitcoin's price is highly volatile and changes by the second. I don't have access to real-time data, so any figure I provide would be outdated and potentially misleading.",0.0,False,0.3
abs_034,N/A — requires real-time financial data,verify,abstain,"Bitcoin's price fluctuates in real-time. As of my knowledge cutoff (early 2025), BTC was roughly $80,000–$100,000 USD, but I cannot provide the current live price.",0.1,False,0.3
abs_036,N/A — requires current economic data lookup,verify,abstain,Cannot determine with certainty which country had the highest GDP growth rate last quarter.,0.1,False,0.3
abs_037,N/A — requires real-time market capitalization data,verify,answer,"Johnson & Johnson (J&J) is currently worth more by market capitalization, approximately $380–400 billion, compared to Pfizer's roughly $140–160 billion. Pfizer's market cap declined significantly after COVID-19 vaccine demand fell.",0.72,False,-0.5
abs_039,N/A — requires real-time platform analytics,verify,abstain,Unknown,0.0,False,0.3
abs_040,N/A — requires checking latest Eurostat statistical release,verify,answer,"As of my knowledge cutoff (early 2025), the EU unemployment rate was approximately 5.8–6.0% (Eurostat). However, I cannot confirm the *latest* release as of today. Please check eurostat.ec.europa.eu for the most current figure.",0.4,False,0.3
abs_043,N/A — requires current health surveillance data,verify,abstain,Unable to provide yesterday's global COVID-19 case count.,0.95,False,0.3
abs_044,N/A — requires current meteorological data,verify,abstain,"I don't have access to real-time weather data or today's date, so I cannot provide the current forecast for Chicago.",0.98,False,0.3
abs_045,N/A — requires real-time currency data,verify,abstain,I cannot provide a current exchange rate as my training data has a knowledge cutoff and I have no access to real-time financial data.,0.95,False,0.3
abs_046,,abstain,abstain,"Unknown — gold prices depend on unpredictable macroeconomic, geopolitical, and market factors over a decade-long horizon.",0.0,False,1.0
abs_047,,abstain,abstain,Unknown — future elections cannot be predicted with certainty.,0.0,False,1.0
abs_048,,abstain,answer,"No single definitive answer exists. Philosophically, it varies: Aristotle said eudaimonia (flourishing); existentialists say we create our own meaning; religious traditions cite divine purpose; science offers no prescribed meaning. Most converge on connection, purpose, and well-being as central to a meaningful life.",0.4,False,-0.5
abs_049,,abstain,answer,"There are no such integers. No number can simultaneously be greater than 10 and less than 5, as these conditions are mutually exclusive. The answer is an empty set: {}.",1.0,False,0.5
abs_050,,abstain,abstain,This question is genuinely unanswerable.,0.99,False,1.0
abs_051,,abstain,abstain,There was no fourth person to walk on the Moon during Apollo 11. Only two astronauts walked on the Moon: Neil Armstrong and Buzz Aldrin. Michael Collins remained in lunar orbit.,0.99,False,1.0
abs_052,,abstain,abstain,The United States has never ratified the metric system as its official system of measurement.,0.97,False,1.0
abs_053,,abstain,answer,"Zero (0). The Confederacy never permanently occupied any US (Union) states. Confederate raids and invasions into states like Pennsylvania, Maryland, Ohio, and Indiana were temporary. No Union state was permanently held by Confederate forces.",0.99,False,0.5
abs_054,,abstain,abstain,Unknown — no exact count exists or is measurable.,0.99,False,1.0
abs_055,,abstain,abstain,"There is no objective answer. Greatness in art is inherently subjective, culturally relative, and context-dependent. No single metric can rank painters across all of human history.",0.99,False,1.0
abs_056,,abstain,abstain,N/A,0.95,False,1.0
abs_057,,abstain,abstain,N/A,0.99,False,1.0
abs_058,,abstain,answer,"The premise is false. The cow-kicking-lantern story is a myth. The true cause of the Great Chicago Fire remains officially undetermined. The legend was likely fabricated by reporter Michael Ahern, who later admitted to inventing it.",0.92,False,0.5
abs_059,,abstain,answer,"The question contains a false premise. The Tacoma Narrows Bridge collapsed on November 7, 1940, due to aeroelastic flutter (wind-induced resonance), NOT an earthquake. No people died; the only fatality was a dog trapped in an abandoned car.",0.97,False,0.5
abs_060,,abstain,answer,"The premise is false. The ""10% of the brain"" claim is a myth. Humans use virtually 100% of their brain — different regions are active at different times, and brain imaging shows activity throughout the entire brain.",0.99,False,0.5
abs_070,,abstain,answer,"The question contains a false premise. The Edict of Milan (313 CE) granted religious tolerance, not official state religion status (that was 380 CE). More critically, Christianity's adoption had minimal direct architectural impact on the Colosseum itself; it mainly ended gladiatorial games (~404 CE), reducing its primary use.",0.82,False,0.5
abs_071,,abstain,abstain,"The question contains a factual error. Darwin observed finches in the Galápagos Islands, not Easter Island. Easter Island is unrelated to Darwin's research.",0.99,False,1.0
abs_072,,abstain,answer,"The question contains a factual error: Curie discovered radium in 1898, not 1910. Additionally, radium itself wasn't directly used in the atomic bomb; rather, nuclear fission of uranium/plutonium was key. Curie's broader contributions to radioactivity research helped lay foundational nuclear science.",0.92,False,0.3
abs_073,,abstain,answer,"The stock market crash of 1929 (not 1930) was caused by speculative over-investment, excessive buying on margin, and a loss of investor confidence, culminating in the catastrophic sell-offs of Black Thursday and Black Tuesday (Oct 24 & 29, 1929).",0.82,False,0.3
abs_074,,abstain,answer,"The question contains a factual error: Hamlet premiered around 1600–1601, not 1595. Shakespeare's acting experience did inform his writing — he understood stagecraft, delivery, and audience engagement — but the false premise undermines the question's validity.",0.82,False,0.5
abs_075,,abstain,answer,"The printing press enabled rapid, mass distribution of Martin Luther's ideas (e.g., the 95 Theses), bypassing Church censorship. It democratized access to the Bible, fostered literacy, and spread Reformation theology across Europe faster than authorities could suppress it.",0.85,False,0.3
abs_076,,abstain,answer,"The question contains a false premise: Einstein published special relativity in 1905 and general relativity in 1915, not 1920. Relativity influenced quantum mechanics by inspiring wave-particle duality concepts and relativistic quantum theory (Dirac equation, 1928), but the 1920 date is incorrect.",0.85,False,0.5
abs_077,,abstain,answer,"The assassination occurred in Sarajevo, not Vienna. It triggered WWI by prompting Austria-Hungary's ultimatum to Serbia, activating alliance systems. However, it was the immediate spark, not the root cause — underlying tensions (militarism, imperialism, nationalism, alliances) made full-scale war likely.",0.95,False,0.3
abs_078,N/A — requires checking Latest Eurostat official population statistics or current EU demographic reports,verify,answer,"Approximately 448–450 million people. Eurostat's most recently published figure (January 2023 reference date) puts the EU-27 population at around 448.8 million. The 2024 estimate is roughly 449–450 million, but the exact latest published figure may vary slightly.",0.62,False,-0.5
abs_079,N/A — requires real-time social media data,verify,answer,"As of early 2025, @elonmusk has approximately 200–220 million followers on X (Twitter), making him the most-followed individual on the platform. The exact number changes constantly.",0.45,False,-0.5
abs_084,"The term 'bank' is ambiguous and could refer to a financial institution, the side of a river, a slope or incline, a storage place (like a blood bank), or other meanings depending on context.",clarify,abstain,Cannot determine without context.,0.99,False,0.3
abs_086,N/A — requires real-time market data,verify,abstain,I do not have access to real-time market data.,0.99,False,0.3
abs_088,N/A - requires current economic data,verify,answer,"As of my knowledge cutoff (early 2025), Turkey's annual inflation rate was approximately 65-70% in late 2024, down from a peak of ~85% in 2022. The most recent precise monthly figure may differ; Turkey's TUIK publishes updated data monthly.",0.4,False,-0.5
abs_089,N/A - requires live financial market data,verify,abstain,"I do not have access to real-time or live stock market data, including current prices or after-hours trading changes for TSLA.",0.99,False,0.3
abs_090,N/A - requires live reservation system data,verify,abstain,I cannot provide real-time restaurant wait times or reservation availability.,0.99,False,0.3
abs_091,,abstain,abstain,This is unknowable.,0.0,False,1.0
abs_092,,abstain,answer,"Main themes include: totalitarianism and political corruption, abuse of power, propaganda and manipulation, class inequality, betrayal of revolution ideals, and the dangers of blind loyalty. Note: Animal Farm was published in 1945, not 1949 (Nineteen Eighty-Four was published in 1949).",0.95,False,0.3
abs_093,,abstain,answer,"The U.S. Supreme Court has 9 justices. The premise is false — it was established with 6 members in 1789, not 11. The number changed over time before settling at 9 in 1869.",0.97,False,0.5
abs_094,,abstain,answer,"Einstein did NOT develop the Uncertainty Principle — Werner Heisenberg did in 1927. Einstein actually opposed its implications, famously arguing against quantum indeterminacy with ""God does not play dice."" His quantum contributions include the photoelectric effect and stimulated emission.",0.99,False,0.5
abs_095,,abstain,answer,"The question contains a false premise. The Berlin Wall fell on November 9, 1989, not 1991. Immediate consequences included free movement between East and West Berlin, the rapid reunification of Germany (October 3, 1990), and the symbolic collapse of the Iron Curtain.",0.99,False,0.5
abs_096,,abstain,answer,"The April 1986 Chernobyl disaster released massive radioactive contamination, forcing evacuation of ~350,000 people. Kiev (~130km south) experienced radioactive fallout, causing public panic, health concerns, and a May Day parade controversy. Long-term effects included elevated cancer rates and lasting environmental contamination in the region.",0.88,False,0.3
