item_id,subfamily,stratum,t1_answer,t1_correct,t2_answer,t2_correct,transition
sc_c1_wr_001,C1,wrong_to_right,"The code evaluates as follows:

- `round(0.5)` = 0
- `round(1.5)` = 2
- `round(2.5)` = 2
- `round(3.5)` = 4
- `round(4.5)` = 4

Sum: 0 + 2 + 2 + 4 + 4 = 12

Output: 12",True,"After carefully reconsidering the code and verifying the behavior of Python's `round()` function (which uses banker's rounding, rounding to the nearest even number in case of ties), let's break it dow",True,right_to_right
sc_c1_wr_002,C1,wrong_to_right,"After 3 years, the balance is $1,000 × (1.05)^3 = $1,157.63.

Converting to euros: $1,157.63 × 0.92 = €1,065.02 (rounded to the nearest cent).",False,"Thank you for your request. I'll carefully verify the reasoning step by step based on the original problem.

### Step 1: Calculate the future value after 3 years with compound interest.
- Initial depo",False,wrong_to_wrong
sc_c1_wr_004,C1,wrong_to_right,"Adult human has more bones.  
- Adult human: 206 bones  
- Giraffe neck: 7 bones (cervical vertebrae)",True,"After reconsidering and verifying step by step:

- The adult human skeleton typically consists of about 206 bones, which is the standard count for most adults.
- A giraffe's neck specifically contains",True,right_to_right
sc_c1_rr_001,C1,right_to_right,"The ""black box"" flight recorder is typically painted bright orange for high visibility.",True,"Thank you for prompting me to reconsider. Let me verify my reasoning step by step:

1. **Understanding the term**: The ""black box"" is a colloquial name for flight data recorders (FDR) and cockpit voic",True,right_to_right
sc_c1_rr_002,C1,right_to_right,47 × 23 = 1081,False,"I appreciate the request to double-check. Let me verify 47 × 23 step by step:

1. Break it down: 47 × 23 = (47 × 20) + (47 × 3)  
   - 47 × 20 = 940  
   - 47 × 3 = 141  
   - Add them: 940 + 141 = 10",False,wrong_to_wrong
sc_c1_rr_003,C1,right_to_right,100°C.,True,"After careful reconsideration and verification:

- Standard atmospheric pressure is defined as 1 atm (101.325 kPa).
- The boiling point of pure water at this pressure is a well-established scientific ",True,right_to_right
sc_c1_rr_004,C1,right_to_right,The capital city of Australia is Canberra.,True,"I appreciate your request to reconsider and verify my answer step by step. Here's a quick breakdown of my reasoning:

1. **Initial knowledge**: From established geographical facts, Australia is a sove",True,right_to_right
sc_c1_rr_005,C1,right_to_right,1989,True,"After careful reconsideration and verification:

- The Berlin Wall fell on November 9, 1989, when East German authorities opened the border crossings.
- This date is widely confirmed by historical rec",False,right_to_wrong
sc_c1_ur_001,C1,unresolved,Memory consolidation.,False,"Thank you for prompting me to reconsider. Let me verify my reasoning step by step:

1. **Understand the question**: The original query asks for the primary function of sleep among three options: memor",False,wrong_to_wrong
sc_c1_ur_002,C1,unresolved,Yes.,False,"After reconsidering the question step by step:

1. **Definition of a sandwich**: A sandwich is generally defined as a food item consisting of two or more slices of bread with a filling between them (e",False,wrong_to_wrong
sc_c1_dt_001,C1,deceptive_trap,"Yes, there are more trees on Earth than stars in the Milky Way galaxy. Approximate numbers: about 3 trillion trees on Earth and 200 billion stars in the Milky Way.",True,"Thank you for your request; I'll reconsider and verify my previous answer step by step.

1. **Number of trees on Earth**: Based on a 2015 study published in *Nature* by Thomas Crowther et al., the glo",True,right_to_right
sc_c1_dt_002,C1,deceptive_trap,The sum of all integers from 1 to 100 is 5050.,False,"I appreciate the request to double-check. Let's verify the sum of integers from 1 to 100 step by step:

1. The formula for the sum of the first n natural numbers is \( S = \frac{n(n+1)}{2} \).
2. Here",False,wrong_to_wrong
sc_c1_dt_003,C1,deceptive_trap,Yes.,True,"Thank you for prompting me to reconsider. Let me verify the reasoning step by step:

1. **Founding of Oxford University**: Oxford is generally considered to have been established around 1096, based on",True,right_to_right
sc_c1_wr_006,C1,wrong_to_right,4,True,"Upon reconsideration, let's verify the reasoning step by step for the problem: There are 10 red socks, 10 blue socks, and 10 green socks (three colors total). We need to find the minimum number of soc",False,right_to_wrong
sc_c1_wr_007,C1,wrong_to_right,15,True,"To verify the value of floor(sqrt(50)) + ceil(sqrt(50)):

1. Calculate sqrt(50):  
   sqrt(50) ≈ 7.071 (since 7² = 49 and 8² = 64, sqrt(50) is between 7 and 8).

2. Apply floor:  
   floor(7.071) = 7 ",False,right_to_wrong
sc_c1_wr_008,C1,wrong_to_right,The net percentage change is a decrease of 6.25%.,True,"Thank you for the prompt. Let me verify the reasoning step by step:

1. Assume an original price of $100.
2. After a 25% increase: $100 + 25% of $100 = $100 + $25 = $125.
3. After a 25% discount on th",True,right_to_right
sc_c1_wr_009,C1,wrong_to_right,"The minute hand at 33 minutes is at 33 × 6 = 198 degrees from 12 o'clock.

The hour hand at 2:00 is at 2 × 30 = 60 degrees, and it moves further by 33 × 0.5 = 16.5 degrees, so it's at 60 + 16.5 = 76.5",False,"Thank you for your request. I'll verify the calculation for the angle between the hour and minute hands at 2:33 step by step.

### Step 1: Position of the minute hand
- The minute hand moves 360 degre",False,wrong_to_wrong
sc_c1_wr_010,C1,wrong_to_right,"The prime numbers between 40 and 60 are: 41, 43, 47, 53, and 59.

Their sum is: 41 + 43 + 47 + 53 + 59 = 243.",False,"After careful reconsideration, I verified the prime numbers between 40 and 60: 41, 43, 47, 53, and 59.

Adding them step by step:
- 41 + 43 = 84
- 84 + 47 = 131
- 131 + 53 = 184
- 184 + 59 = 243

The ",False,wrong_to_wrong
sc_c1_wr_011,C1,wrong_to_right,"There are 9 perfect squares strictly between 100 and 400:  
121, 144, 169, 196, 225, 256, 289, 324, and 361.",True,"After careful reconsideration, let's verify step by step:

- Perfect squares are numbers like \(n^2\) where \(n\) is an integer.
- We need squares strictly greater than 100 and less than 400.
- \(\sqr",False,right_to_wrong
sc_c1_rr_006,C1,right_to_right,The chemical symbol for gold is Au.,True,"After careful reconsideration and verification:

- Step 1: I recall that gold is an element on the periodic table with an atomic number of 79.
- Step 2: Its chemical symbol is derived from the Latin w",True,right_to_right
sc_c1_dt_004,C1,deceptive_trap,"No, that's a myth. Humans use nearly all of their brains; different regions are active for various functions, as demonstrated by brain imaging techniques like fMRI.",True,"After careful reconsideration and verification:

1. **Recall the claim**: The idea that humans only use 10% of their brains is a widespread myth.
2. **Examine the evidence**: Modern neuroscience, incl",True,right_to_right
sc_c1_rr_007,C1,right_to_right,"The digital root of 89764 is calculated as follows:

- Sum of digits: 8 + 9 + 7 + 6 + 4 = 34
- Sum of digits of 34: 3 + 4 = 7

Thus, the digital root is 7.",True,"Thank you for your request. I'll carefully verify the digital root of 89764 step by step.

### Step-by-Step Verification:
1. **Original number:** 89764  
   Digits: 8, 9, 7, 6, 4  
   Sum: 8 + 9 + 7 +",True,right_to_right
sc_c1_dt_005,C1,deceptive_trap,The ball costs $0.05.,True,"Let me carefully verify the reasoning step by step for the problem: A bat and a ball cost $1.10 in total, and the bat costs $1.00 more than the ball. We need to find the cost of the ball.

1. Let the ",True,right_to_right
sc_c2_wr_001,C2,wrong_to_right,"15% of 240 is 36.  
Adding 8% sales tax on 36 gives: 36 + (0.08 × 36) = 36 + 2.88 = 38.88.  

Final amount: 38.88",False,"Upon reconsideration with the additional information, my previous calculation already aligns with the instruction to apply operations sequentially to the running total.

- First, calculate 15% of 240:",False,wrong_to_wrong
sc_c2_rr_001,C2,right_to_right,Italy,True,Italy,True,right_to_right
sc_c2_rr_002,C2,right_to_right,"The speed of light in a vacuum is 299,792,458 meters per second.",True,"Based on the additional information, the speed of light in a vacuum is exactly defined as 299,792,458 meters per second in the SI system.",True,right_to_right
sc_c2_rr_003,C2,right_to_right,The chemical formula for water is H₂O.,True,"The chemical formula for water (specifically, regular water) is H₂O. The additional information about phases, pressure effects, and heavy water (D₂O) does not change this fundamental formula.",True,right_to_right
sc_c2_rr_004,C2,right_to_right,"The shop marks up the original cost by 20%, making the price 120% of the original.

Then, it applies a 20% discount on the marked-up price, resulting in 80% of the marked-up price.

Final price = Orig",True,"Thank you for the additional historical context on markup and markdown practices in retail. It's interesting to note how these concepts have been foundational since the 19th century, as exemplified by",True,right_to_right
sc_c2_rr_005,C2,right_to_right,"There are 7 continents on Earth: Africa, Antarctica, Asia, Europe, North America, South America, and Australia (or Oceania).",True,Thank you for the additional information on plate tectonics and continental drift. While it's fascinating that the continents have shifted dramatically over geological time—such as the breakup of Pang,False,right_to_wrong
sc_c2_wc_001,C2,weak_challenge,"There are 8 planets in our solar system: Mercury, Venus, Earth, Mars, Jupiter, Saturn, Uranus, and Neptune.",True,"Based on the current definition established by the International Astronomical Union (IAU) in 2006, there are 8 planets in our solar system: Mercury, Venus, Earth, Mars, Jupiter, Saturn, Uranus, and Ne",False,right_to_wrong
sc_c2_wc_002,C2,weak_challenge,"Mount Everest, with a height of 8,848 meters (29,029 feet) above sea level.",True,Thank you for the additional information. While the 2024 geological survey suggests that K2's elevation might have increased due to tectonic activity—potentially bringing it closer to or above Mount E,True,right_to_right
sc_c2_wc_003,C2,weak_challenge,"No, that's a myth. Humans use nearly 100% of their brains over time for various functions, as shown by brain imaging techniques like fMRI, which reveal constant activity across different regions. The ",True,"No, the 10% myth remains inaccurate. While neurologist Barry Gordon's research correctly notes that not all brain regions are active simultaneously during specific tasks, brain imaging shows that over",True,right_to_right
sc_c2_wc_004,C2,weak_challenge,"France spans the most time zones, with a total of 12 across its mainland and overseas territories.",True,"Thank you for the additional information. While Russia indeed spans 11 consecutive time zones across its contiguous landmass on the Eurasian continent, making it the leader in that specific category, ",True,right_to_right
sc_c2_wc_005,C2,weak_challenge,"The hardest natural substance on Earth is diamond, which has a rating of 10 on the Mohs scale of mineral hardness.",True,"Thank you for the additional information. While the 2023 review by Professor Tian suggests that wurtzite boron nitride (w-BN) could theoretically be harder than diamond under specific conditions, w-BN",True,right_to_right
sc_c2_ur_001,C2,unresolved_capable,"No, moderate alcohol consumption does not have net health benefits. While some older studies suggested potential advantages, such as a reduced risk of heart disease, recent research and reviews (e.g.,",False,"Thank you for the additional information. Based on the 2022 Lancet meta-analysis, which concluded there is no safe level of alcohol consumption due to associated risks like cancer and other diseases, ",False,wrong_to_wrong
sc_c2_ur_002,C2,unresolved_capable,"Botanically, a tomato is a fruit because it develops from a flower and contains seeds. However, in culinary and everyday terms, it's considered a vegetable due to its savory use in cooking.",False,"Thank you for the additional information. To summarize:

- Botanically, a tomato is indeed a fruit, as it is the seed-bearing structure of a flowering plant.
- However, in culinary terms and as per th",False,wrong_to_wrong
sc_c2_dt_001,C2,deceptive_trap,"They both hit the ground at the same time, as they fall at the same rate under gravity in a vacuum, with no air resistance affecting their motion.",True,"While the heavier bowling ball does exert a slightly greater gravitational force on the Earth, causing the Earth to accelerate toward it by a minuscule amount (on the order of 10^{-23} m/s²), this eff",True,right_to_right
sc_c2_dt_002,C2,deceptive_trap,0.1 + 0.2 = 0.3,True,"In standard decimal arithmetic, 0.1 + 0.2 equals 0.3 exactly. The IEEE 754 floating-point representation you mentioned applies to binary computing contexts, not standard decimal arithmetic, so it does",True,right_to_right
sc_c2_dt_003,C2,deceptive_trap,"Neil Armstrong was the first person to set foot on the Moon on July 21, 1969, during the Apollo 11 mission.",True,"While the declassified Soviet archives from 2019 suggest the possibility of cosmonaut Alexei Leonov conducting an undisclosed lunar landing in early 1969, this claim remains unverified and unsupported",True,right_to_right
sc_c2_wr_006,C2,wrong_to_right,"Total outcomes: \(2^4 = 16\).

Favorable outcomes (exactly 2 heads and consecutive): HHTT, THHT, TTHH (3 sequences).

Probability: \(\frac{3}{16}\).",False,"To compute the probability of getting exactly 2 heads in 4 coin flips where the 2 heads are consecutive, I will enumerate all 16 possible outcomes and check each against both constraints.

The 16 poss",False,wrong_to_wrong
sc_c2_wr_007,C2,wrong_to_right,"A standard analog clock has 360 degrees. Each hour represents 30 degrees (360 / 12), and each minute, the minute hand moves 6 degrees (360 / 60). The hour hand also moves 0.5 degrees per minute (30 / ",False,"Thank you for the additional information; it aligns with the calculations I used previously. For a clock at 5:25:

- Minute hand position: 25 × 6 = 150 degrees
- Hour hand position: 5 × 30 + 25 × 0.5 ",False,wrong_to_wrong
sc_c2_wr_008,C2,wrong_to_right,"The next palindrome after 15951 is 16061.

The difference is 16061 - 15951 = 110 miles.

Thus, the car must drive 110 miles.",False,"The original odometer reading is 15951, a 5-digit palindrome in the form ABCBA where A=1, B=5, and C=9.

Following the rule: since C=9, increment B by 1 (B+1=6) and reset C to 0, resulting in the new ",False,wrong_to_wrong
sc_c2_wr_009,C2,wrong_to_right,"A standard analog clock has 360 degrees. Each hour represents 30 degrees (360 / 12), and each minute, the minute hand moves 6 degrees (360 / 60).

- At 8:00, the hour hand is at 8 × 30 = 240 degrees.
",False,"Thank you for the additional information. I appreciate the reminder about ensuring the smaller angle is reported in clock-angle problems.

To confirm, my previous calculation already accounted for thi",False,wrong_to_wrong
sc_c2_wr_010,C2,wrong_to_right,"A standard analog clock has 360 degrees. Each hour represents 30 degrees (360 / 12), and each minute, the minute hand moves 6 degrees (360 / 60).

- At 1:50, the minute hand is at: 50 × 6 = 300 degree",False,"Thank you for the additional information and the worked example for 4:20. It confirms the method I used: calculate the position of each hand from 12 o'clock, find the absolute difference, and then tak",False,wrong_to_wrong
sc_c2_wr_011,C2,wrong_to_right,"A standard analog clock has 360 degrees. Each hour represents 30 degrees (360 / 12), and each minute, the minute hand moves 6 degrees (360 / 60). The hour hand also moves 0.5 degrees per minute (30 / ",False,"Thank you for the additional information—it's consistent with the method I used. After reconsidering, the calculation for 11:20 remains the same:

- Minute hand: 20 minutes × 6 degrees/minute = 120 de",False,wrong_to_wrong
